top_n_perguntas,erros_acumulados,percentual_dos_erros
5,54,0.3333333333333333
10,95,0.5864197530864198
14,117,0.7222222222222222
20,136,0.8395061728395061
