modelo,arquivo_qag,rouge-1,rouge-2,rouge-l,bleu,bert_precision,bert_recall,bert_f1,connectedness,num_exemplos,device
gpt-5.1,gpt-5.1_QAG.csv,0.4107071681870459,0.21823609602344263,0.3624883929264455,0.15313114527660474,0.763680100440979,0.7867887616157532,0.7735440135002136,0.8247570395469666,101,cpu
