modelo,arquivo_qag,rouge-1,rouge-2,rouge-l,bleu,bert_precision,bert_recall,bert_f1,connectedness,num_exemplos,device
qwen_qwen3.5-122b-a10b,qwen_qwen3.5-122b-a10b_QAG.csv,0.4686887298691037,0.29061319932656976,0.42582108934619267,0.2584173780219502,0.7977014183998108,0.799564778804779,0.7966973185539246,0.8250622749328613,101,cpu
