modelo,arquivo_qag,rouge-1,rouge-2,rouge-l,bleu,bert_precision,bert_recall,bert_f1,connectedness,num_exemplos,device
z-ai_glm-5.1,z-ai_glm-5.1_QAG.csv,0.47467896752427224,0.30386084804133223,0.42950212905303875,0.29925473921770857,0.8098263740539551,0.7904981970787048,0.7980281710624695,0.8225117325782776,101,cpu
